{
    "ROC_AUC": 0.9609221164700312,
    "F1_Score": 0.48074534161490684,
    "Precision": 0.3805309734513274,
    "Recall": 0.6526138279932546
}